{
  "__type__": "cc.SpriteFrame",
  "content": {
    "name": "Group",
    "atlas": "",
    "rect": {
      "x": 29,
      "y": 0,
      "width": 142,
      "height": 222
    },
    "offset": {
      "x": 0,
      "y": 14.5
    },
    "originalSize": {
      "width": 200,
      "height": 251
    },
    "rotated": false,
    "capInsets": [
      0,
      0,
      0,
      0
    ],
    "vertices": {
      "rawPosition": [
        -71,
        -111,
        0,
        71,
        -111,
        0,
        -71,
        111,
        0,
        71,
        111,
        0
      ],
      "indexes": [
        0,
        1,
        2,
        2,
        1,
        3
      ],
      "uv": [
        29,
        251,
        171,
        251,
        29,
        29,
        171,
        29
      ],
      "nuv": [
        0.145,
        0.11553784860557768,
        0.855,
        0.11553784860557768,
        0.145,
        1,
        0.855,
        1
      ],
      "minPos": {
        "x": -71,
        "y": -111,
        "z": 0
      },
      "maxPos": {
        "x": 71,
        "y": 111,
        "z": 0
      }
    },
    "texture": "140de08d-0fb7-4bbc-9a5a-ccbf2f7fd5f2@6c48a",
    "packable": true,
    "pixelsToUnit": 100,
    "pivot": {
      "x": 0.5,
      "y": 0.5
    },
    "meshType": 0
  }
}