{
  "__type__": "cc.SpriteFrame",
  "content": {
    "name": "Artboard 9@2x",
    "atlas": "",
    "rect": {
      "x": 1,
      "y": 0,
      "width": 354,
      "height": 117
    },
    "offset": {
      "x": 0,
      "y": 0
    },
    "originalSize": {
      "width": 356,
      "height": 117
    },
    "rotated": false,
    "capInsets": [
      0,
      0,
      0,
      0
    ],
    "vertices": {
      "rawPosition": [
        -177,
        -58.5,
        0,
        177,
        -58.5,
        0,
        -177,
        58.5,
        0,
        177,
        58.5,
        0
      ],
      "indexes": [
        0,
        1,
        2,
        2,
        1,
        3
      ],
      "uv": [
        1,
        117,
        355,
        117,
        1,
        0,
        355,
        0
      ],
      "nuv": [
        0.0028089887640449437,
        0,
        0.9971910112359551,
        0,
        0.0028089887640449437,
        1,
        0.9971910112359551,
        1
      ],
      "minPos": {
        "x": -177,
        "y": -58.5,
        "z": 0
      },
      "maxPos": {
        "x": 177,
        "y": 58.5,
        "z": 0
      }
    },
    "texture": "354fa817-a53e-4fa4-90b2-0a3caef54b56@6c48a",
    "packable": true,
    "pixelsToUnit": 100,
    "pivot": {
      "x": 0.5,
      "y": 0.5
    },
    "meshType": 0
  }
}