{
  "__type__": "cc.SpriteFrame",
  "content": {
    "name": "Group 427318916",
    "atlas": "",
    "rect": {
      "x": 12,
      "y": 8,
      "width": 955,
      "height": 106
    },
    "offset": {
      "x": 0,
      "y": 18
    },
    "originalSize": {
      "width": 979,
      "height": 158
    },
    "rotated": false,
    "capInsets": [
      0,
      0,
      0,
      0
    ],
    "vertices": {
      "rawPosition": [
        -477.5,
        -53,
        0,
        477.5,
        -53,
        0,
        -477.5,
        53,
        0,
        477.5,
        53,
        0
      ],
      "indexes": [
        0,
        1,
        2,
        2,
        1,
        3
      ],
      "uv": [
        12,
        150,
        967,
        150,
        12,
        44,
        967,
        44
      ],
      "nuv": [
        0.012257405515832482,
        0.27848101265822783,
        0.9877425944841676,
        0.27848101265822783,
        0.012257405515832482,
        0.9493670886075949,
        0.9877425944841676,
        0.9493670886075949
      ],
      "minPos": {
        "x": -477.5,
        "y": -53,
        "z": 0
      },
      "maxPos": {
        "x": 477.5,
        "y": 53,
        "z": 0
      }
    },
    "texture": "46006b3c-618f-42f7-8799-c92dd5c2fed6@6c48a",
    "packable": true,
    "pixelsToUnit": 100,
    "pivot": {
      "x": 0.5,
      "y": 0.5
    },
    "meshType": 0
  }
}