{
  "__type__": "cc.SpriteFrame",
  "content": {
    "name": "frame money 2",
    "atlas": "",
    "rect": {
      "x": 15,
      "y": 7,
      "width": 864,
      "height": 406
    },
    "offset": {
      "x": 5,
      "y": 0.5
    },
    "originalSize": {
      "width": 884,
      "height": 421
    },
    "rotated": false,
    "capInsets": [
      0,
      0,
      0,
      0
    ],
    "vertices": {
      "rawPosition": [
        -432,
        -203,
        0,
        432,
        -203,
        0,
        -432,
        203,
        0,
        432,
        203,
        0
      ],
      "indexes": [
        0,
        1,
        2,
        2,
        1,
        3
      ],
      "uv": [
        15,
        414,
        879,
        414,
        15,
        8,
        879,
        8
      ],
      "nuv": [
        0.016968325791855202,
        0.019002375296912115,
        0.994343891402715,
        0.019002375296912115,
        0.016968325791855202,
        0.9833729216152018,
        0.994343891402715,
        0.9833729216152018
      ],
      "minPos": {
        "x": -432,
        "y": -203,
        "z": 0
      },
      "maxPos": {
        "x": 432,
        "y": 203,
        "z": 0
      }
    },
    "texture": "30339b6d-5419-4185-a0b2-a7f6fd6f7ade@6c48a",
    "packable": true,
    "pixelsToUnit": 100,
    "pivot": {
      "x": 0.5,
      "y": 0.5
    },
    "meshType": 0
  }
}