{
  "__type__": "cc.SpriteFrame",
  "content": {
    "name": "Layer 1",
    "atlas": "",
    "rect": {
      "x": 37,
      "y": 38,
      "width": 387,
      "height": 387
    },
    "offset": {
      "x": -13.5,
      "y": 13
    },
    "originalSize": {
      "width": 488,
      "height": 489
    },
    "rotated": false,
    "capInsets": [
      0,
      0,
      0,
      0
    ],
    "vertices": {
      "rawPosition": [
        -193.5,
        -193.5,
        0,
        193.5,
        -193.5,
        0,
        -193.5,
        193.5,
        0,
        193.5,
        193.5,
        0
      ],
      "indexes": [
        0,
        1,
        2,
        2,
        1,
        3
      ],
      "uv": [
        37,
        451,
        424,
        451,
        37,
        64,
        424,
        64
      ],
      "nuv": [
        0.07581967213114754,
        0.130879345603272,
        0.8688524590163934,
        0.130879345603272,
        0.07581967213114754,
        0.9222903885480572,
        0.8688524590163934,
        0.9222903885480572
      ],
      "minPos": {
        "x": -193.5,
        "y": -193.5,
        "z": 0
      },
      "maxPos": {
        "x": 193.5,
        "y": 193.5,
        "z": 0
      }
    },
    "texture": "f413abb9-1a08-409f-9d49-f8a8ac3a68df@6c48a",
    "packable": true,
    "pixelsToUnit": 100,
    "pivot": {
      "x": 0.5,
      "y": 0.5
    },
    "meshType": 0
  }
}