{
  "__type__": "cc.SpriteFrame",
  "content": {
    "name": "Group 427318948 2",
    "atlas": "",
    "rect": {
      "x": 0,
      "y": 0,
      "width": 2682,
      "height": 239
    },
    "offset": {
      "x": -0.5,
      "y": 0
    },
    "originalSize": {
      "width": 2683,
      "height": 239
    },
    "rotated": false,
    "capInsets": [
      0,
      0,
      0,
      0
    ],
    "vertices": {
      "rawPosition": [
        -1341,
        -119.5,
        0,
        1341,
        -119.5,
        0,
        -1341,
        119.5,
        0,
        1341,
        119.5,
        0
      ],
      "indexes": [
        0,
        1,
        2,
        2,
        1,
        3
      ],
      "uv": [
        0,
        239,
        2682,
        239,
        0,
        0,
        2682,
        0
      ],
      "nuv": [
        0,
        0,
        0.9996272828922848,
        0,
        0,
        1,
        0.9996272828922848,
        1
      ],
      "minPos": {
        "x": -1341,
        "y": -119.5,
        "z": 0
      },
      "maxPos": {
        "x": 1341,
        "y": 119.5,
        "z": 0
      }
    },
    "texture": "a07a23d8-db33-4a1a-9b1c-b224cf210c02@6c48a",
    "packable": true,
    "pixelsToUnit": 100,
    "pivot": {
      "x": 0.5,
      "y": 0.5
    },
    "meshType": 0
  }
}