{
  "__type__": "cc.SpriteFrame",
  "content": {
    "name": "SelectRoom-vi",
    "atlas": "",
    "rect": {
      "x": 6,
      "y": 2,
      "width": 370,
      "height": 115
    },
    "offset": {
      "x": -2.5,
      "y": 0.5
    },
    "originalSize": {
      "width": 387,
      "height": 120
    },
    "rotated": false,
    "capInsets": [
      0,
      0,
      0,
      0
    ],
    "vertices": {
      "rawPosition": [
        -185,
        -57.5,
        0,
        185,
        -57.5,
        0,
        -185,
        57.5,
        0,
        185,
        57.5,
        0
      ],
      "indexes": [
        0,
        1,
        2,
        2,
        1,
        3
      ],
      "uv": [
        6,
        118,
        376,
        118,
        6,
        3,
        376,
        3
      ],
      "nuv": [
        0.015503875968992248,
        0.025,
        0.9715762273901809,
        0.025,
        0.015503875968992248,
        0.9833333333333333,
        0.9715762273901809,
        0.9833333333333333
      ],
      "minPos": {
        "x": -185,
        "y": -57.5,
        "z": 0
      },
      "maxPos": {
        "x": 185,
        "y": 57.5,
        "z": 0
      }
    },
    "texture": "7e29147b-c514-429d-a542-8cf3f0a533cf@6c48a",
    "packable": true,
    "pixelsToUnit": 100,
    "pivot": {
      "x": 0.5,
      "y": 0.5
    },
    "meshType": 0
  }
}