{
  "__type__": "cc.SpriteFrame",
  "content": {
    "name": "thanh am thanh 1",
    "atlas": "",
    "rect": {
      "x": 26,
      "y": 34,
      "width": 3553,
      "height": 133
    },
    "offset": {
      "x": -0.5,
      "y": 0
    },
    "originalSize": {
      "width": 3606,
      "height": 201
    },
    "rotated": false,
    "capInsets": [
      0,
      0,
      0,
      0
    ],
    "vertices": {
      "rawPosition": [
        -1776.5,
        -66.5,
        0,
        1776.5,
        -66.5,
        0,
        -1776.5,
        66.5,
        0,
        1776.5,
        66.5,
        0
      ],
      "indexes": [
        0,
        1,
        2,
        2,
        1,
        3
      ],
      "uv": [
        26,
        167,
        3579,
        167,
        26,
        34,
        3579,
        34
      ],
      "nuv": [
        0.007210205213533,
        0.1691542288557214,
        0.9925124792013311,
        0.1691542288557214,
        0.007210205213533,
        0.8308457711442786,
        0.9925124792013311,
        0.8308457711442786
      ],
      "minPos": {
        "x": -1776.5,
        "y": -66.5,
        "z": 0
      },
      "maxPos": {
        "x": 1776.5,
        "y": 66.5,
        "z": 0
      }
    },
    "texture": "d04e5947-01b0-4527-8351-e26162f65f28@6c48a",
    "packable": true,
    "pixelsToUnit": 100,
    "pivot": {
      "x": 0.5,
      "y": 0.5
    },
    "meshType": 0
  }
}