{
  "__type__": "cc.SpriteFrame",
  "content": {
    "name": "girl_homepage_2 1",
    "atlas": "",
    "rect": {
      "x": 0,
      "y": 31,
      "width": 1437,
      "height": 1697
    },
    "offset": {
      "x": -7.5,
      "y": -15.5
    },
    "originalSize": {
      "width": 1452,
      "height": 1728
    },
    "rotated": false,
    "capInsets": [
      0,
      0,
      0,
      0
    ],
    "vertices": {
      "rawPosition": [
        -718.5,
        -848.5,
        0,
        718.5,
        -848.5,
        0,
        -718.5,
        848.5,
        0,
        718.5,
        848.5,
        0
      ],
      "indexes": [
        0,
        1,
        2,
        2,
        1,
        3
      ],
      "uv": [
        0,
        1697,
        1437,
        1697,
        0,
        0,
        1437,
        0
      ],
      "nuv": [
        0,
        0,
        0.9896694214876033,
        0,
        0,
        0.9820601851851852,
        0.9896694214876033,
        0.9820601851851852
      ],
      "minPos": {
        "x": -718.5,
        "y": -848.5,
        "z": 0
      },
      "maxPos": {
        "x": 718.5,
        "y": 848.5,
        "z": 0
      }
    },
    "texture": "01695082-5a8a-48fa-9ea4-9bde27275219@6c48a",
    "packable": true,
    "pixelsToUnit": 100,
    "pivot": {
      "x": 0.5,
      "y": 0.5
    },
    "meshType": 0
  }
}