{
  "__type__": "cc.SpriteFrame",
  "content": {
    "name": "watchAds",
    "atlas": "",
    "rect": {
      "x": 1,
      "y": 0,
      "width": 776,
      "height": 250
    },
    "offset": {
      "x": -5.5,
      "y": 0
    },
    "originalSize": {
      "width": 789,
      "height": 250
    },
    "rotated": false,
    "capInsets": [
      0,
      0,
      0,
      0
    ],
    "vertices": {
      "rawPosition": [
        -388,
        -125,
        0,
        388,
        -125,
        0,
        -388,
        125,
        0,
        388,
        125,
        0
      ],
      "indexes": [
        0,
        1,
        2,
        2,
        1,
        3
      ],
      "uv": [
        1,
        250,
        777,
        250,
        1,
        0,
        777,
        0
      ],
      "nuv": [
        0.0012674271229404308,
        0,
        0.9847908745247148,
        0,
        0.0012674271229404308,
        1,
        0.9847908745247148,
        1
      ],
      "minPos": {
        "x": -388,
        "y": -125,
        "z": 0
      },
      "maxPos": {
        "x": 388,
        "y": 125,
        "z": 0
      }
    },
    "texture": "8385c281-6c95-4351-b9fc-b72ea0f5d98a@6c48a",
    "packable": true,
    "pixelsToUnit": 100,
    "pivot": {
      "x": 0.5,
      "y": 0.5
    },
    "meshType": 0
  }
}