{
  "__type__": "cc.SpriteFrame",
  "content": {
    "name": "RankingVn",
    "atlas": "",
    "rect": {
      "x": 6,
      "y": 6,
      "width": 1120,
      "height": 308
    },
    "offset": {
      "x": 0,
      "y": 1
    },
    "originalSize": {
      "width": 1132,
      "height": 322
    },
    "rotated": false,
    "capInsets": [
      0,
      0,
      0,
      0
    ],
    "vertices": {
      "rawPosition": [
        -560,
        -154,
        0,
        560,
        -154,
        0,
        -560,
        154,
        0,
        560,
        154,
        0
      ],
      "indexes": [
        0,
        1,
        2,
        2,
        1,
        3
      ],
      "uv": [
        6,
        316,
        1126,
        316,
        6,
        8,
        1126,
        8
      ],
      "nuv": [
        0.00530035335689046,
        0.024844720496894408,
        0.9946996466431095,
        0.024844720496894408,
        0.00530035335689046,
        0.9813664596273292,
        0.9946996466431095,
        0.9813664596273292
      ],
      "minPos": {
        "x": -560,
        "y": -154,
        "z": 0
      },
      "maxPos": {
        "x": 560,
        "y": 154,
        "z": 0
      }
    },
    "texture": "cdf17e77-596f-4ccd-9cf8-a3f8c2bcaed5@6c48a",
    "packable": true,
    "pixelsToUnit": 100,
    "pivot": {
      "x": 0.5,
      "y": 0.5
    },
    "meshType": 0
  }
}