{
  "__type__": "cc.SpriteFrame",
  "content": {
    "name": "cancel",
    "atlas": "",
    "rect": {
      "x": 0,
      "y": 51,
      "width": 505,
      "height": 505
    },
    "offset": {
      "x": -2,
      "y": -25.5
    },
    "originalSize": {
      "width": 509,
      "height": 556
    },
    "rotated": false,
    "capInsets": [
      0,
      0,
      0,
      0
    ],
    "vertices": {
      "rawPosition": [
        -252.5,
        -252.5,
        0,
        252.5,
        -252.5,
        0,
        -252.5,
        252.5,
        0,
        252.5,
        252.5,
        0
      ],
      "indexes": [
        0,
        1,
        2,
        2,
        1,
        3
      ],
      "uv": [
        0,
        505,
        505,
        505,
        0,
        0,
        505,
        0
      ],
      "nuv": [
        0,
        0,
        0.9921414538310412,
        0,
        0,
        0.908273381294964,
        0.9921414538310412,
        0.908273381294964
      ],
      "minPos": {
        "x": -252.5,
        "y": -252.5,
        "z": 0
      },
      "maxPos": {
        "x": 252.5,
        "y": 252.5,
        "z": 0
      }
    },
    "texture": "3d581045-35b1-476d-b8d9-1942d4cebf38@6c48a",
    "packable": true,
    "pixelsToUnit": 100,
    "pivot": {
      "x": 0.5,
      "y": 0.5
    },
    "meshType": 0
  }
}