{
  "__type__": "cc.SpriteFrame",
  "content": {
    "name": "class room (3)",
    "atlas": "",
    "rect": {
      "x": 0,
      "y": 1,
      "width": 900,
      "height": 597
    },
    "offset": {
      "x": 0,
      "y": -0.5
    },
    "originalSize": {
      "width": 900,
      "height": 598
    },
    "rotated": false,
    "capInsets": [
      0,
      0,
      0,
      0
    ],
    "vertices": {
      "rawPosition": [
        -450,
        -298.5,
        0,
        450,
        -298.5,
        0,
        -450,
        298.5,
        0,
        450,
        298.5,
        0
      ],
      "indexes": [
        0,
        1,
        2,
        2,
        1,
        3
      ],
      "uv": [
        0,
        597,
        900,
        597,
        0,
        0,
        900,
        0
      ],
      "nuv": [
        0,
        0,
        1,
        0,
        0,
        0.9983277591973244,
        1,
        0.9983277591973244
      ],
      "minPos": {
        "x": -450,
        "y": -298.5,
        "z": 0
      },
      "maxPos": {
        "x": 450,
        "y": 298.5,
        "z": 0
      }
    },
    "texture": "3d58c274-ae0b-4b64-8df9-aa766c91b62f@6c48a",
    "packable": true,
    "pixelsToUnit": 100,
    "pivot": {
      "x": 0.5,
      "y": 0.5
    },
    "meshType": 0
  }
}