{
  "__type__": "cc.SpriteFrame",
  "content": {
    "name": "pre text",
    "atlas": "",
    "rect": {
      "x": 0,
      "y": 0,
      "width": 600,
      "height": 163
    },
    "offset": {
      "x": 0,
      "y": 0.5
    },
    "originalSize": {
      "width": 600,
      "height": 164
    },
    "rotated": false,
    "capInsets": [
      0,
      0,
      0,
      0
    ],
    "vertices": {
      "rawPosition": [
        -300,
        -81.5,
        0,
        300,
        -81.5,
        0,
        -300,
        81.5,
        0,
        300,
        81.5,
        0
      ],
      "indexes": [
        0,
        1,
        2,
        2,
        1,
        3
      ],
      "uv": [
        0,
        164,
        600,
        164,
        0,
        1,
        600,
        1
      ],
      "nuv": [
        0,
        0.006097560975609756,
        1,
        0.006097560975609756,
        0,
        1,
        1,
        1
      ],
      "minPos": {
        "x": -300,
        "y": -81.5,
        "z": 0
      },
      "maxPos": {
        "x": 300,
        "y": 81.5,
        "z": 0
      }
    },
    "texture": "e616da8d-8043-47e9-bbe4-76ad1dcd51cc@6c48a",
    "packable": true,
    "pixelsToUnit": 100,
    "pivot": {
      "x": 0.5,
      "y": 0.5
    },
    "meshType": 0
  }
}