{
  "__type__": "cc.SpriteFrame",
  "content": {
    "name": "PLAYER",
    "atlas": "",
    "rect": {
      "x": 0,
      "y": 0,
      "width": 382,
      "height": 73
    },
    "offset": {
      "x": -0.5,
      "y": 0
    },
    "originalSize": {
      "width": 383,
      "height": 73
    },
    "rotated": false,
    "capInsets": [
      0,
      0,
      0,
      0
    ],
    "vertices": {
      "rawPosition": [
        -191,
        -36.5,
        0,
        191,
        -36.5,
        0,
        -191,
        36.5,
        0,
        191,
        36.5,
        0
      ],
      "indexes": [
        0,
        1,
        2,
        2,
        1,
        3
      ],
      "uv": [
        0,
        73,
        382,
        73,
        0,
        0,
        382,
        0
      ],
      "nuv": [
        0,
        0,
        0.9973890339425587,
        0,
        0,
        1,
        0.9973890339425587,
        1
      ],
      "minPos": {
        "x": -191,
        "y": -36.5,
        "z": 0
      },
      "maxPos": {
        "x": 191,
        "y": 36.5,
        "z": 0
      }
    },
    "texture": "64336a1a-72a6-4bfe-99b7-b24c2e340311@6c48a",
    "packable": true,
    "pixelsToUnit": 100,
    "pivot": {
      "x": 0.5,
      "y": 0.5
    },
    "meshType": 0
  }
}