{
  "__type__": "cc.SpriteFrame",
  "content": {
    "name": "background-home",
    "atlas": "",
    "rect": {
      "x": 0,
      "y": 1,
      "width": 4016,
      "height": 1876
    },
    "offset": {
      "x": -10,
      "y": -0.5
    },
    "originalSize": {
      "width": 4036,
      "height": 1877
    },
    "rotated": false,
    "capInsets": [
      0,
      0,
      0,
      0
    ],
    "vertices": {
      "rawPosition": [
        -2008,
        -938,
        0,
        2008,
        -938,
        0,
        -2008,
        938,
        0,
        2008,
        938,
        0
      ],
      "indexes": [
        0,
        1,
        2,
        2,
        1,
        3
      ],
      "uv": [
        0,
        1876,
        4016,
        1876,
        0,
        0,
        4016,
        0
      ],
      "nuv": [
        0,
        0,
        0.9950445986124876,
        0,
        0,
        0.9994672349493873,
        0.9950445986124876,
        0.9994672349493873
      ],
      "minPos": {
        "x": -2008,
        "y": -938,
        "z": 0
      },
      "maxPos": {
        "x": 2008,
        "y": 938,
        "z": 0
      }
    },
    "texture": "d35ba76f-c610-444b-a523-16674f807f05@6c48a",
    "packable": true,
    "pixelsToUnit": 100,
    "pivot": {
      "x": 0.5,
      "y": 0.5
    },
    "meshType": 0
  }
}