{
  "__type__": "cc.SpriteFrame",
  "content": {
    "name": "Cho phép người khác mời chơi",
    "atlas": "",
    "rect": {
      "x": 0,
      "y": 1,
      "width": 2395,
      "height": 149
    },
    "offset": {
      "x": 0,
      "y": -0.5
    },
    "originalSize": {
      "width": 2395,
      "height": 150
    },
    "rotated": false,
    "capInsets": [
      0,
      0,
      0,
      0
    ],
    "vertices": {
      "rawPosition": [
        -1197.5,
        -74.5,
        0,
        1197.5,
        -74.5,
        0,
        -1197.5,
        74.5,
        0,
        1197.5,
        74.5,
        0
      ],
      "indexes": [
        0,
        1,
        2,
        2,
        1,
        3
      ],
      "uv": [
        0,
        149,
        2395,
        149,
        0,
        0,
        2395,
        0
      ],
      "nuv": [
        0,
        0,
        1,
        0,
        0,
        0.9933333333333333,
        1,
        0.9933333333333333
      ],
      "minPos": {
        "x": -1197.5,
        "y": -74.5,
        "z": 0
      },
      "maxPos": {
        "x": 1197.5,
        "y": 74.5,
        "z": 0
      }
    },
    "texture": "ca743d2d-616d-4c55-8076-8404c32c4a12@6c48a",
    "packable": true,
    "pixelsToUnit": 100,
    "pivot": {
      "x": 0.5,
      "y": 0.5
    },
    "meshType": 0
  }
}