{
  "__type__": "cc.SpriteFrame",
  "content": {
    "name": "save",
    "atlas": "",
    "rect": {
      "x": 0,
      "y": 0,
      "width": 390,
      "height": 247
    },
    "offset": {
      "x": -13.5,
      "y": 0
    },
    "originalSize": {
      "width": 417,
      "height": 247
    },
    "rotated": false,
    "capInsets": [
      0,
      0,
      0,
      0
    ],
    "vertices": {
      "rawPosition": [
        -195,
        -123.5,
        0,
        195,
        -123.5,
        0,
        -195,
        123.5,
        0,
        195,
        123.5,
        0
      ],
      "indexes": [
        0,
        1,
        2,
        2,
        1,
        3
      ],
      "uv": [
        0,
        247,
        390,
        247,
        0,
        0,
        390,
        0
      ],
      "nuv": [
        0,
        0,
        0.935251798561151,
        0,
        0,
        1,
        0.935251798561151,
        1
      ],
      "minPos": {
        "x": -195,
        "y": -123.5,
        "z": 0
      },
      "maxPos": {
        "x": 195,
        "y": 123.5,
        "z": 0
      }
    },
    "texture": "b95e97cb-ddbd-478c-9735-3b2992f42058@6c48a",
    "packable": true,
    "pixelsToUnit": 100,
    "pivot": {
      "x": 0.5,
      "y": 0.5
    },
    "meshType": 0
  }
}