{
  "__type__": "cc.SpriteFrame",
  "content": {
    "name": "claimed",
    "atlas": "",
    "rect": {
      "x": 5,
      "y": 4,
      "width": 578,
      "height": 188
    },
    "offset": {
      "x": -0.5,
      "y": -1
    },
    "originalSize": {
      "width": 589,
      "height": 194
    },
    "rotated": false,
    "capInsets": [
      0,
      0,
      0,
      0
    ],
    "vertices": {
      "rawPosition": [
        -289,
        -94,
        0,
        289,
        -94,
        0,
        -289,
        94,
        0,
        289,
        94,
        0
      ],
      "indexes": [
        0,
        1,
        2,
        2,
        1,
        3
      ],
      "uv": [
        5,
        190,
        583,
        190,
        5,
        2,
        583,
        2
      ],
      "nuv": [
        0.008488964346349746,
        0.010309278350515464,
        0.9898132427843803,
        0.010309278350515464,
        0.008488964346349746,
        0.979381443298969,
        0.9898132427843803,
        0.979381443298969
      ],
      "minPos": {
        "x": -289,
        "y": -94,
        "z": 0
      },
      "maxPos": {
        "x": 289,
        "y": 94,
        "z": 0
      }
    },
    "texture": "d21e1bfe-0777-49ea-ab15-eaee8827ac70@6c48a",
    "packable": true,
    "pixelsToUnit": 100,
    "pivot": {
      "x": 0.5,
      "y": 0.5
    },
    "meshType": 0
  }
}