{
  "__type__": "cc.SpriteFrame",
  "content": {
    "name": "Wednesday",
    "atlas": "",
    "rect": {
      "x": 0,
      "y": 0,
      "width": 1280,
      "height": 300
    },
    "offset": {
      "x": -0.5,
      "y": 0
    },
    "originalSize": {
      "width": 1281,
      "height": 300
    },
    "rotated": false,
    "capInsets": [
      0,
      0,
      0,
      0
    ],
    "vertices": {
      "rawPosition": [
        -640,
        -150,
        0,
        640,
        -150,
        0,
        -640,
        150,
        0,
        640,
        150,
        0
      ],
      "indexes": [
        0,
        1,
        2,
        2,
        1,
        3
      ],
      "uv": [
        0,
        300,
        1280,
        300,
        0,
        0,
        1280,
        0
      ],
      "nuv": [
        0,
        0,
        0.9992193598750976,
        0,
        0,
        1,
        0.9992193598750976,
        1
      ],
      "minPos": {
        "x": -640,
        "y": -150,
        "z": 0
      },
      "maxPos": {
        "x": 640,
        "y": 150,
        "z": 0
      }
    },
    "texture": "d2da8073-4c35-4777-86c4-2695869d6791@6c48a",
    "packable": true,
    "pixelsToUnit": 100,
    "pivot": {
      "x": 0.5,
      "y": 0.5
    },
    "meshType": 0
  }
}