{
  "__type__": "cc.SpriteFrame",
  "content": {
    "name": "Tài khoản Khách (3)",
    "atlas": "",
    "rect": {
      "x": 30,
      "y": 8,
      "width": 466,
      "height": 66
    },
    "offset": {
      "x": 0,
      "y": 9.5
    },
    "originalSize": {
      "width": 526,
      "height": 101
    },
    "rotated": false,
    "capInsets": [
      0,
      0,
      0,
      0
    ],
    "vertices": {
      "rawPosition": [
        -233,
        -33,
        0,
        233,
        -33,
        0,
        -233,
        33,
        0,
        233,
        33,
        0
      ],
      "indexes": [
        0,
        1,
        2,
        2,
        1,
        3
      ],
      "uv": [
        30,
        93,
        496,
        93,
        30,
        27,
        496,
        27
      ],
      "nuv": [
        0.057034220532319393,
        0.26732673267326734,
        0.9429657794676806,
        0.26732673267326734,
        0.057034220532319393,
        0.9207920792079208,
        0.9429657794676806,
        0.9207920792079208
      ],
      "minPos": {
        "x": -233,
        "y": -33,
        "z": 0
      },
      "maxPos": {
        "x": 233,
        "y": 33,
        "z": 0
      }
    },
    "texture": "6b03dc6a-58e3-4023-ba82-fa2bef108215@6c48a",
    "packable": true,
    "pixelsToUnit": 100,
    "pivot": {
      "x": 0.5,
      "y": 0.5
    },
    "meshType": 0
  }
}