{
  "__type__": "cc.SpriteFrame",
  "content": {
    "name": "GG",
    "atlas": "",
    "rect": {
      "x": 4,
      "y": 5,
      "width": 445,
      "height": 145
    },
    "offset": {
      "x": 1.5,
      "y": 0
    },
    "originalSize": {
      "width": 450,
      "height": 155
    },
    "rotated": false,
    "capInsets": [
      0,
      0,
      0,
      0
    ],
    "vertices": {
      "rawPosition": [
        -222.5,
        -72.5,
        0,
        222.5,
        -72.5,
        0,
        -222.5,
        72.5,
        0,
        222.5,
        72.5,
        0
      ],
      "indexes": [
        0,
        1,
        2,
        2,
        1,
        3
      ],
      "uv": [
        4,
        150,
        449,
        150,
        4,
        5,
        449,
        5
      ],
      "nuv": [
        0.008888888888888889,
        0.03225806451612903,
        0.9977777777777778,
        0.03225806451612903,
        0.008888888888888889,
        0.967741935483871,
        0.9977777777777778,
        0.967741935483871
      ],
      "minPos": {
        "x": -222.5,
        "y": -72.5,
        "z": 0
      },
      "maxPos": {
        "x": 222.5,
        "y": 72.5,
        "z": 0
      }
    },
    "texture": "4d7267d2-d077-4210-9cc7-258065d83e78@6c48a",
    "packable": true,
    "pixelsToUnit": 100,
    "pivot": {
      "x": 0.5,
      "y": 0.5
    },
    "meshType": 0
  }
}