{
  "__type__": "cc.SpriteFrame",
  "content": {
    "name": "Group-1",
    "atlas": "",
    "rect": {
      "x": 25,
      "y": 0,
      "width": 258,
      "height": 405
    },
    "offset": {
      "x": -0.5,
      "y": 12.5
    },
    "originalSize": {
      "width": 309,
      "height": 430
    },
    "rotated": false,
    "capInsets": [
      0,
      0,
      0,
      0
    ],
    "vertices": {
      "rawPosition": [
        -129,
        -202.5,
        0,
        129,
        -202.5,
        0,
        -129,
        202.5,
        0,
        129,
        202.5,
        0
      ],
      "indexes": [
        0,
        1,
        2,
        2,
        1,
        3
      ],
      "uv": [
        25,
        430,
        283,
        430,
        25,
        25,
        283,
        25
      ],
      "nuv": [
        0.08090614886731391,
        0.05813953488372093,
        0.9158576051779935,
        0.05813953488372093,
        0.08090614886731391,
        1,
        0.9158576051779935,
        1
      ],
      "minPos": {
        "x": -129,
        "y": -202.5,
        "z": 0
      },
      "maxPos": {
        "x": 129,
        "y": 202.5,
        "z": 0
      }
    },
    "texture": "26729b2d-bcd1-4554-9b42-22f354ac9103@6c48a",
    "packable": true,
    "pixelsToUnit": 100,
    "pivot": {
      "x": 0.5,
      "y": 0.5
    },
    "meshType": 0
  }
}