{
  "__type__": "cc.SpriteFrame",
  "content": {
    "name": "Vector (2)",
    "atlas": "",
    "rect": {
      "x": 0,
      "y": 1,
      "width": 600,
      "height": 155
    },
    "offset": {
      "x": 0,
      "y": -0.5
    },
    "originalSize": {
      "width": 600,
      "height": 156
    },
    "rotated": false,
    "capInsets": [
      0,
      0,
      0,
      0
    ],
    "vertices": {
      "rawPosition": [
        -300,
        -77.5,
        0,
        300,
        -77.5,
        0,
        -300,
        77.5,
        0,
        300,
        77.5,
        0
      ],
      "indexes": [
        0,
        1,
        2,
        2,
        1,
        3
      ],
      "uv": [
        0,
        155,
        600,
        155,
        0,
        0,
        600,
        0
      ],
      "nuv": [
        0,
        0,
        1,
        0,
        0,
        0.9935897435897436,
        1,
        0.9935897435897436
      ],
      "minPos": {
        "x": -300,
        "y": -77.5,
        "z": 0
      },
      "maxPos": {
        "x": 300,
        "y": 77.5,
        "z": 0
      }
    },
    "texture": "ec89589c-1808-4780-9ac5-10f2c479c7c3@6c48a",
    "packable": true,
    "pixelsToUnit": 100,
    "pivot": {
      "x": 0.5,
      "y": 0.5
    },
    "meshType": 0
  }
}