{
  "__type__": "cc.SpriteFrame",
  "content": {
    "name": "king text",
    "atlas": "",
    "rect": {
      "x": 0,
      "y": 1,
      "width": 599,
      "height": 94
    },
    "offset": {
      "x": -0.5,
      "y": 0.5
    },
    "originalSize": {
      "width": 600,
      "height": 97
    },
    "rotated": false,
    "capInsets": [
      0,
      0,
      0,
      0
    ],
    "vertices": {
      "rawPosition": [
        -299.5,
        -47,
        0,
        299.5,
        -47,
        0,
        -299.5,
        47,
        0,
        299.5,
        47,
        0
      ],
      "indexes": [
        0,
        1,
        2,
        2,
        1,
        3
      ],
      "uv": [
        0,
        96,
        599,
        96,
        0,
        2,
        599,
        2
      ],
      "nuv": [
        0,
        0.020618556701030927,
        0.9983333333333333,
        0.020618556701030927,
        0,
        0.9896907216494846,
        0.9983333333333333,
        0.9896907216494846
      ],
      "minPos": {
        "x": -299.5,
        "y": -47,
        "z": 0
      },
      "maxPos": {
        "x": 299.5,
        "y": 47,
        "z": 0
      }
    },
    "texture": "ecc880a9-326f-4566-bad8-9dc0fa7b7d3b@6c48a",
    "packable": true,
    "pixelsToUnit": 100,
    "pivot": {
      "x": 0.5,
      "y": 0.5
    },
    "meshType": 0
  }
}