{
  "__type__": "cc.SpriteFrame",
  "content": {
    "name": "Monday",
    "atlas": "",
    "rect": {
      "x": 0,
      "y": 0,
      "width": 901,
      "height": 300
    },
    "offset": {
      "x": -0.5,
      "y": 0
    },
    "originalSize": {
      "width": 902,
      "height": 300
    },
    "rotated": false,
    "capInsets": [
      0,
      0,
      0,
      0
    ],
    "vertices": {
      "rawPosition": [
        -450.5,
        -150,
        0,
        450.5,
        -150,
        0,
        -450.5,
        150,
        0,
        450.5,
        150,
        0
      ],
      "indexes": [
        0,
        1,
        2,
        2,
        1,
        3
      ],
      "uv": [
        0,
        300,
        901,
        300,
        0,
        0,
        901,
        0
      ],
      "nuv": [
        0,
        0,
        0.9988913525498891,
        0,
        0,
        1,
        0.9988913525498891,
        1
      ],
      "minPos": {
        "x": -450.5,
        "y": -150,
        "z": 0
      },
      "maxPos": {
        "x": 450.5,
        "y": 150,
        "z": 0
      }
    },
    "texture": "d7ac13f6-e889-4eac-b3f8-5515055df842@6c48a",
    "packable": true,
    "pixelsToUnit": 100,
    "pivot": {
      "x": 0.5,
      "y": 0.5
    },
    "meshType": 0
  }
}