{
  "__type__": "cc.SpriteFrame",
  "content": {
    "name": "PlaynowVn",
    "atlas": "",
    "rect": {
      "x": 2,
      "y": 1,
      "width": 370,
      "height": 115
    },
    "offset": {
      "x": -1,
      "y": 0.5
    },
    "originalSize": {
      "width": 376,
      "height": 118
    },
    "rotated": false,
    "capInsets": [
      0,
      0,
      0,
      0
    ],
    "vertices": {
      "rawPosition": [
        -185,
        -57.5,
        0,
        185,
        -57.5,
        0,
        -185,
        57.5,
        0,
        185,
        57.5,
        0
      ],
      "indexes": [
        0,
        1,
        2,
        2,
        1,
        3
      ],
      "uv": [
        2,
        117,
        372,
        117,
        2,
        2,
        372,
        2
      ],
      "nuv": [
        0.005319148936170213,
        0.01694915254237288,
        0.9893617021276596,
        0.01694915254237288,
        0.005319148936170213,
        0.9915254237288136,
        0.9893617021276596,
        0.9915254237288136
      ],
      "minPos": {
        "x": -185,
        "y": -57.5,
        "z": 0
      },
      "maxPos": {
        "x": 185,
        "y": 57.5,
        "z": 0
      }
    },
    "texture": "9743debc-9ac8-4338-8bab-a207714b72a0@6c48a",
    "packable": true,
    "pixelsToUnit": 100,
    "pivot": {
      "x": 0.5,
      "y": 0.5
    },
    "meshType": 0
  }
}