{
  "__type__": "cc.SpriteFrame",
  "content": {
    "name": "ranking-vi",
    "atlas": "",
    "rect": {
      "x": 3,
      "y": 3,
      "width": 594,
      "height": 163
    },
    "offset": {
      "x": 0,
      "y": 1
    },
    "originalSize": {
      "width": 600,
      "height": 171
    },
    "rotated": false,
    "capInsets": [
      0,
      0,
      0,
      0
    ],
    "vertices": {
      "rawPosition": [
        -297,
        -81.5,
        0,
        297,
        -81.5,
        0,
        -297,
        81.5,
        0,
        297,
        81.5,
        0
      ],
      "indexes": [
        0,
        1,
        2,
        2,
        1,
        3
      ],
      "uv": [
        3,
        168,
        597,
        168,
        3,
        5,
        597,
        5
      ],
      "nuv": [
        0.005,
        0.029239766081871343,
        0.995,
        0.029239766081871343,
        0.005,
        0.9824561403508771,
        0.995,
        0.9824561403508771
      ],
      "minPos": {
        "x": -297,
        "y": -81.5,
        "z": 0
      },
      "maxPos": {
        "x": 297,
        "y": 81.5,
        "z": 0
      }
    },
    "texture": "183e924a-83a3-4da2-876d-c0415e8eaf51@6c48a",
    "packable": true,
    "pixelsToUnit": 100,
    "pivot": {
      "x": 0.5,
      "y": 0.5
    },
    "meshType": 0
  }
}