{
  "__type__": "cc.SpriteFrame",
  "content": {
    "name": "pre room",
    "atlas": "",
    "rect": {
      "x": 0,
      "y": 67,
      "width": 900,
      "height": 567
    },
    "offset": {
      "x": 0,
      "y": -33.5
    },
    "originalSize": {
      "width": 900,
      "height": 634
    },
    "rotated": false,
    "capInsets": [
      0,
      0,
      0,
      0
    ],
    "vertices": {
      "rawPosition": [
        -450,
        -283.5,
        0,
        450,
        -283.5,
        0,
        -450,
        283.5,
        0,
        450,
        283.5,
        0
      ],
      "indexes": [
        0,
        1,
        2,
        2,
        1,
        3
      ],
      "uv": [
        0,
        567,
        900,
        567,
        0,
        0,
        900,
        0
      ],
      "nuv": [
        0,
        0,
        1,
        0,
        0,
        0.8943217665615142,
        1,
        0.8943217665615142
      ],
      "minPos": {
        "x": -450,
        "y": -283.5,
        "z": 0
      },
      "maxPos": {
        "x": 450,
        "y": 283.5,
        "z": 0
      }
    },
    "texture": "aa6af286-9a09-4422-80cc-957422af83b5@6c48a",
    "packable": true,
    "pixelsToUnit": 100,
    "pivot": {
      "x": 0.5,
      "y": 0.5
    },
    "meshType": 0
  }
}