{
  "__type__": "cc.SpriteFrame",
  "content": {
    "name": "WEEKLY RANKING",
    "atlas": "",
    "rect": {
      "x": 58,
      "y": 1,
      "width": 1022,
      "height": 149
    },
    "offset": {
      "x": 29,
      "y": -0.5
    },
    "originalSize": {
      "width": 1080,
      "height": 150
    },
    "rotated": false,
    "capInsets": [
      0,
      0,
      0,
      0
    ],
    "vertices": {
      "rawPosition": [
        -511,
        -74.5,
        0,
        511,
        -74.5,
        0,
        -511,
        74.5,
        0,
        511,
        74.5,
        0
      ],
      "indexes": [
        0,
        1,
        2,
        2,
        1,
        3
      ],
      "uv": [
        58,
        149,
        1080,
        149,
        58,
        0,
        1080,
        0
      ],
      "nuv": [
        0.053703703703703705,
        0,
        1,
        0,
        0.053703703703703705,
        0.9933333333333333,
        1,
        0.9933333333333333
      ],
      "minPos": {
        "x": -511,
        "y": -74.5,
        "z": 0
      },
      "maxPos": {
        "x": 511,
        "y": 74.5,
        "z": 0
      }
    },
    "texture": "d90ce6e8-4641-4905-b2c8-c40e30651520@6c48a",
    "packable": true,
    "pixelsToUnit": 100,
    "pivot": {
      "x": 0.5,
      "y": 0.5
    },
    "meshType": 0
  }
}