{
  "__type__": "cc.SpriteFrame",
  "content": {
    "name": "Artboard 3@2x",
    "atlas": "",
    "rect": {
      "x": 1,
      "y": 0,
      "width": 149,
      "height": 47
    },
    "offset": {
      "x": 0,
      "y": 0.5
    },
    "originalSize": {
      "width": 151,
      "height": 48
    },
    "rotated": false,
    "capInsets": [
      0,
      0,
      0,
      0
    ],
    "vertices": {
      "rawPosition": [
        -74.5,
        -23.5,
        0,
        74.5,
        -23.5,
        0,
        -74.5,
        23.5,
        0,
        74.5,
        23.5,
        0
      ],
      "indexes": [
        0,
        1,
        2,
        2,
        1,
        3
      ],
      "uv": [
        1,
        48,
        150,
        48,
        1,
        1,
        150,
        1
      ],
      "nuv": [
        0.006622516556291391,
        0.020833333333333332,
        0.9933774834437086,
        0.020833333333333332,
        0.006622516556291391,
        1,
        0.9933774834437086,
        1
      ],
      "minPos": {
        "x": -74.5,
        "y": -23.5,
        "z": 0
      },
      "maxPos": {
        "x": 74.5,
        "y": 23.5,
        "z": 0
      }
    },
    "texture": "296dc98e-73e3-44b5-97c8-8110d8235011@6c48a",
    "packable": true,
    "pixelsToUnit": 100,
    "pivot": {
      "x": 0.5,
      "y": 0.5
    },
    "meshType": 0
  }
}