{
  "__type__": "cc.SpriteFrame",
  "content": {
    "name": "settings",
    "atlas": "",
    "rect": {
      "x": 0,
      "y": 0,
      "width": 391,
      "height": 126
    },
    "offset": {
      "x": -13,
      "y": 0
    },
    "originalSize": {
      "width": 417,
      "height": 126
    },
    "rotated": false,
    "capInsets": [
      0,
      0,
      0,
      0
    ],
    "vertices": {
      "rawPosition": [
        -195.5,
        -63,
        0,
        195.5,
        -63,
        0,
        -195.5,
        63,
        0,
        195.5,
        63,
        0
      ],
      "indexes": [
        0,
        1,
        2,
        2,
        1,
        3
      ],
      "uv": [
        0,
        126,
        391,
        126,
        0,
        0,
        391,
        0
      ],
      "nuv": [
        0,
        0,
        0.9376498800959233,
        0,
        0,
        1,
        0.9376498800959233,
        1
      ],
      "minPos": {
        "x": -195.5,
        "y": -63,
        "z": 0
      },
      "maxPos": {
        "x": 195.5,
        "y": 63,
        "z": 0
      }
    },
    "texture": "2993bf01-a37c-45a9-8d6a-7d12298dae96@6c48a",
    "packable": true,
    "pixelsToUnit": 100,
    "pivot": {
      "x": 0.5,
      "y": 0.5
    },
    "meshType": 0
  }
}