{
  "__type__": "cc.SpriteFrame",
  "content": {
    "name": "TableRoom",
    "atlas": "",
    "rect": {
      "x": 220,
      "y": 330,
      "width": 8364,
      "height": 3168
    },
    "offset": {
      "x": 59.5,
      "y": -73.5
    },
    "originalSize": {
      "width": 8685,
      "height": 3681
    },
    "rotated": false,
    "capInsets": [
      0,
      0,
      0,
      0
    ],
    "vertices": {
      "rawPosition": [
        -4182,
        -1584,
        0,
        4182,
        -1584,
        0,
        -4182,
        1584,
        0,
        4182,
        1584,
        0
      ],
      "indexes": [
        0,
        1,
        2,
        2,
        1,
        3
      ],
      "uv": [
        220,
        3351,
        8584,
        3351,
        220,
        183,
        8584,
        183
      ],
      "nuv": [
        0.025331030512377662,
        0.04971475142624287,
        0.988370754173863,
        0.04971475142624287,
        0.025331030512377662,
        0.9103504482477588,
        0.988370754173863,
        0.9103504482477588
      ],
      "minPos": {
        "x": -4182,
        "y": -1584,
        "z": 0
      },
      "maxPos": {
        "x": 4182,
        "y": 1584,
        "z": 0
      }
    },
    "texture": "8ce7b3a6-375b-4c23-9817-e205ea27132c@6c48a",
    "packable": true,
    "pixelsToUnit": 100,
    "pivot": {
      "x": 0.5,
      "y": 0.5
    },
    "meshType": 0
  }
}