{
  "__type__": "cc.SpriteFrame",
  "content": {
    "name": "ClaimVn",
    "atlas": "",
    "rect": {
      "x": 13,
      "y": 10,
      "width": 573,
      "height": 186
    },
    "offset": {
      "x": -0.5,
      "y": 0.5
    },
    "originalSize": {
      "width": 600,
      "height": 207
    },
    "rotated": false,
    "capInsets": [
      0,
      0,
      0,
      0
    ],
    "vertices": {
      "rawPosition": [
        -286.5,
        -93,
        0,
        286.5,
        -93,
        0,
        -286.5,
        93,
        0,
        286.5,
        93,
        0
      ],
      "indexes": [
        0,
        1,
        2,
        2,
        1,
        3
      ],
      "uv": [
        13,
        197,
        586,
        197,
        13,
        11,
        586,
        11
      ],
      "nuv": [
        0.021666666666666667,
        0.05314009661835749,
        0.9766666666666667,
        0.05314009661835749,
        0.021666666666666667,
        0.9516908212560387,
        0.9766666666666667,
        0.9516908212560387
      ],
      "minPos": {
        "x": -286.5,
        "y": -93,
        "z": 0
      },
      "maxPos": {
        "x": 286.5,
        "y": 93,
        "z": 0
      }
    },
    "texture": "651ce817-6ad7-4d9b-b112-5fff02e73b72@6c48a",
    "packable": true,
    "pixelsToUnit": 100,
    "pivot": {
      "x": 0.5,
      "y": 0.5
    },
    "meshType": 0
  }
}