{
  "__type__": "cc.SpriteFrame",
  "content": {
    "name": "girl",
    "atlas": "",
    "rect": {
      "x": 1,
      "y": 32,
      "width": 1381,
      "height": 1696
    },
    "offset": {
      "x": -34.5,
      "y": -16
    },
    "originalSize": {
      "width": 1452,
      "height": 1728
    },
    "rotated": false,
    "capInsets": [
      0,
      0,
      0,
      0
    ],
    "vertices": {
      "rawPosition": [
        -690.5,
        -848,
        0,
        690.5,
        -848,
        0,
        -690.5,
        848,
        0,
        690.5,
        848,
        0
      ],
      "indexes": [
        0,
        1,
        2,
        2,
        1,
        3
      ],
      "uv": [
        1,
        1696,
        1382,
        1696,
        1,
        0,
        1382,
        0
      ],
      "nuv": [
        0.0006887052341597796,
        0,
        0.9517906336088154,
        0,
        0.0006887052341597796,
        0.9814814814814815,
        0.9517906336088154,
        0.9814814814814815
      ],
      "minPos": {
        "x": -690.5,
        "y": -848,
        "z": 0
      },
      "maxPos": {
        "x": 690.5,
        "y": 848,
        "z": 0
      }
    },
    "texture": "f6afd349-7a80-4baa-a029-a9d036eec7f6@6c48a",
    "packable": true,
    "pixelsToUnit": 100,
    "pivot": {
      "x": 0.5,
      "y": 0.5
    },
    "meshType": 0
  }
}