{
  "__type__": "cc.SpriteFrame",
  "content": {
    "name": "x2 reward",
    "atlas": "",
    "rect": {
      "x": 0,
      "y": 10,
      "width": 877,
      "height": 191
    },
    "offset": {
      "x": -5,
      "y": 3.5
    },
    "originalSize": {
      "width": 887,
      "height": 218
    },
    "rotated": false,
    "capInsets": [
      0,
      0,
      0,
      0
    ],
    "vertices": {
      "rawPosition": [
        -438.5,
        -95.5,
        0,
        438.5,
        -95.5,
        0,
        -438.5,
        95.5,
        0,
        438.5,
        95.5,
        0
      ],
      "indexes": [
        0,
        1,
        2,
        2,
        1,
        3
      ],
      "uv": [
        0,
        208,
        877,
        208,
        0,
        17,
        877,
        17
      ],
      "nuv": [
        0,
        0.0779816513761468,
        0.9887260428410372,
        0.0779816513761468,
        0,
        0.9541284403669725,
        0.9887260428410372,
        0.9541284403669725
      ],
      "minPos": {
        "x": -438.5,
        "y": -95.5,
        "z": 0
      },
      "maxPos": {
        "x": 438.5,
        "y": 95.5,
        "z": 0
      }
    },
    "texture": "b306b8c9-70b0-43f3-922a-8305d79d676f@6c48a",
    "packable": true,
    "pixelsToUnit": 100,
    "pivot": {
      "x": 0.5,
      "y": 0.5
    },
    "meshType": 0
  }
}