{
  "__type__": "cc.SpriteFrame",
  "content": {
    "name": "XẾP HẠNG",
    "atlas": "",
    "rect": {
      "x": 1,
      "y": 0,
      "width": 511,
      "height": 120
    },
    "offset": {
      "x": 0,
      "y": 0
    },
    "originalSize": {
      "width": 513,
      "height": 120
    },
    "rotated": false,
    "capInsets": [
      0,
      0,
      0,
      0
    ],
    "vertices": {
      "rawPosition": [
        -255.5,
        -60,
        0,
        255.5,
        -60,
        0,
        -255.5,
        60,
        0,
        255.5,
        60,
        0
      ],
      "indexes": [
        0,
        1,
        2,
        2,
        1,
        3
      ],
      "uv": [
        1,
        120,
        512,
        120,
        1,
        0,
        512,
        0
      ],
      "nuv": [
        0.001949317738791423,
        0,
        0.9980506822612085,
        0,
        0.001949317738791423,
        1,
        0.9980506822612085,
        1
      ],
      "minPos": {
        "x": -255.5,
        "y": -60,
        "z": 0
      },
      "maxPos": {
        "x": 255.5,
        "y": 60,
        "z": 0
      }
    },
    "texture": "32b557f8-438b-4a88-9011-732aec608ca3@6c48a",
    "packable": true,
    "pixelsToUnit": 100,
    "pivot": {
      "x": 0.5,
      "y": 0.5
    },
    "meshType": 0
  }
}