{
  "__type__": "cc.SpriteFrame",
  "content": {
    "name": "Artboard 10@2x",
    "atlas": "",
    "rect": {
      "x": 0,
      "y": 1,
      "width": 482,
      "height": 142
    },
    "offset": {
      "x": 0,
      "y": -0.5
    },
    "originalSize": {
      "width": 482,
      "height": 143
    },
    "rotated": false,
    "capInsets": [
      0,
      0,
      0,
      0
    ],
    "vertices": {
      "rawPosition": [
        -241,
        -71,
        0,
        241,
        -71,
        0,
        -241,
        71,
        0,
        241,
        71,
        0
      ],
      "indexes": [
        0,
        1,
        2,
        2,
        1,
        3
      ],
      "uv": [
        0,
        142,
        482,
        142,
        0,
        0,
        482,
        0
      ],
      "nuv": [
        0,
        0,
        1,
        0,
        0,
        0.993006993006993,
        1,
        0.993006993006993
      ],
      "minPos": {
        "x": -241,
        "y": -71,
        "z": 0
      },
      "maxPos": {
        "x": 241,
        "y": 71,
        "z": 0
      }
    },
    "texture": "4c23c524-af0b-474f-b06e-6d778669bcc0@6c48a",
    "packable": true,
    "pixelsToUnit": 100,
    "pivot": {
      "x": 0.5,
      "y": 0.5
    },
    "meshType": 0
  }
}