{
  "__type__": "cc.SpriteFrame",
  "content": {
    "name": "Artboard 10@5x 1",
    "atlas": "",
    "rect": {
      "x": 1,
      "y": 51,
      "width": 208,
      "height": 221
    },
    "offset": {
      "x": -15.5,
      "y": -25
    },
    "originalSize": {
      "width": 241,
      "height": 273
    },
    "rotated": false,
    "capInsets": [
      0,
      0,
      0,
      0
    ],
    "vertices": {
      "rawPosition": [
        -104,
        -110.5,
        0,
        104,
        -110.5,
        0,
        -104,
        110.5,
        0,
        104,
        110.5,
        0
      ],
      "indexes": [
        0,
        1,
        2,
        2,
        1,
        3
      ],
      "uv": [
        1,
        222,
        209,
        222,
        1,
        1,
        209,
        1
      ],
      "nuv": [
        0.004149377593360996,
        0.003663003663003663,
        0.8672199170124482,
        0.003663003663003663,
        0.004149377593360996,
        0.8131868131868132,
        0.8672199170124482,
        0.8131868131868132
      ],
      "minPos": {
        "x": -104,
        "y": -110.5,
        "z": 0
      },
      "maxPos": {
        "x": 104,
        "y": 110.5,
        "z": 0
      }
    },
    "texture": "057142b2-7e20-461f-bd3a-4cee656be3db@6c48a",
    "packable": true,
    "pixelsToUnit": 100,
    "pivot": {
      "x": 0.5,
      "y": 0.5
    },
    "meshType": 0
  }
}