{
  "__type__": "cc.SpriteFrame",
  "content": {
    "name": "model",
    "atlas": "",
    "rect": {
      "x": 19,
      "y": 23,
      "width": 1061,
      "height": 1477
    },
    "offset": {
      "x": 9.5,
      "y": -11.5
    },
    "originalSize": {
      "width": 1080,
      "height": 1500
    },
    "rotated": false,
    "capInsets": [
      0,
      0,
      0,
      0
    ],
    "vertices": {
      "rawPosition": [
        -530.5,
        -738.5,
        0,
        530.5,
        -738.5,
        0,
        -530.5,
        738.5,
        0,
        530.5,
        738.5,
        0
      ],
      "indexes": [
        0,
        1,
        2,
        2,
        1,
        3
      ],
      "uv": [
        19,
        1477,
        1080,
        1477,
        19,
        0,
        1080,
        0
      ],
      "nuv": [
        0.017592592592592594,
        0,
        1,
        0,
        0.017592592592592594,
        0.9846666666666667,
        1,
        0.9846666666666667
      ],
      "minPos": {
        "x": -530.5,
        "y": -738.5,
        "z": 0
      },
      "maxPos": {
        "x": 530.5,
        "y": 738.5,
        "z": 0
      }
    },
    "texture": "03ab5f7a-aff4-4ad7-b0fe-985f1b741713@6c48a",
    "packable": true,
    "pixelsToUnit": 100,
    "pivot": {
      "x": 0.5,
      "y": 0.5
    },
    "meshType": 0
  }
}