{
  "__type__": "cc.SpriteFrame",
  "content": {
    "name": "SỐ CHIP",
    "atlas": "",
    "rect": {
      "x": 1,
      "y": 0,
      "width": 402,
      "height": 100
    },
    "offset": {
      "x": 0.5,
      "y": 0.5
    },
    "originalSize": {
      "width": 403,
      "height": 101
    },
    "rotated": false,
    "capInsets": [
      0,
      0,
      0,
      0
    ],
    "vertices": {
      "rawPosition": [
        -201,
        -50,
        0,
        201,
        -50,
        0,
        -201,
        50,
        0,
        201,
        50,
        0
      ],
      "indexes": [
        0,
        1,
        2,
        2,
        1,
        3
      ],
      "uv": [
        1,
        101,
        403,
        101,
        1,
        1,
        403,
        1
      ],
      "nuv": [
        0.0024813895781637717,
        0.009900990099009901,
        1,
        0.009900990099009901,
        0.0024813895781637717,
        1,
        1,
        1
      ],
      "minPos": {
        "x": -201,
        "y": -50,
        "z": 0
      },
      "maxPos": {
        "x": 201,
        "y": 50,
        "z": 0
      }
    },
    "texture": "bb6be3f9-bbf1-43f2-a16a-bcf4dfb6400b@6c48a",
    "packable": true,
    "pixelsToUnit": 100,
    "pivot": {
      "x": 0.5,
      "y": 0.5
    },
    "meshType": 0
  }
}