{
  "__type__": "cc.SpriteFrame",
  "content": {
    "name": "ClaimedVn",
    "atlas": "",
    "rect": {
      "x": 6,
      "y": 5,
      "width": 587,
      "height": 190
    },
    "offset": {
      "x": -0.5,
      "y": -1
    },
    "originalSize": {
      "width": 600,
      "height": 198
    },
    "rotated": false,
    "capInsets": [
      0,
      0,
      0,
      0
    ],
    "vertices": {
      "rawPosition": [
        -293.5,
        -95,
        0,
        293.5,
        -95,
        0,
        -293.5,
        95,
        0,
        293.5,
        95,
        0
      ],
      "indexes": [
        0,
        1,
        2,
        2,
        1,
        3
      ],
      "uv": [
        6,
        193,
        593,
        193,
        6,
        3,
        593,
        3
      ],
      "nuv": [
        0.01,
        0.015151515151515152,
        0.9883333333333333,
        0.015151515151515152,
        0.01,
        0.9747474747474747,
        0.9883333333333333,
        0.9747474747474747
      ],
      "minPos": {
        "x": -293.5,
        "y": -95,
        "z": 0
      },
      "maxPos": {
        "x": 293.5,
        "y": 95,
        "z": 0
      }
    },
    "texture": "bbd442e3-9cac-4ad7-8f37-a06eb50d83a1@6c48a",
    "packable": true,
    "pixelsToUnit": 100,
    "pivot": {
      "x": 0.5,
      "y": 0.5
    },
    "meshType": 0
  }
}