{
  "gizmos-infos": {
    "is2D": true,
    "is3DIcon": false,
    "iconSize": 2,
    "gridVisible": true,
    "gridColor": [
      166,
      166,
      166,
      255
    ],
    "isIconGizmo3D": false,
    "iconGizmoSize": 2,
    "isGridVisible": true
  },
  "__version__": "1.0.0",
  "builder": {
    "taskOptionsMap": {},
    "__version__": "1.3.4"
  },
  "": {
    "sculpt_brush_rotate": 0
  },
  "float-window": {
    "position": {
      "cc": {
        "Camera": {
          "dock": false,
          "top": null,
          "bottom": 10,
          "left": null,
          "right": 10
        }
      }
    }
  },
  "camera": {
    "fov": 45,
    "far": 10000,
    "near": 0.01,
    "color": [
      48,
      48,
      48,
      255
    ],
    "wheelSpeed": 0.01,
    "wanderSpeed": 10,
    "enableAcceleration": true,
    "far2D": 10000,
    "near2D": 1,
    "wheelSpeed2D": 6,
    "size": "__default_design__"
  },
  "camera-infos": {
    "c77ecaa8-c936-46c4-a5b0-98692673ed87": {
      "position": {
        "x": 1504.2326668401936,
        "y": 745.2912921566477,
        "z": 5000
      },
      "rotation": {
        "x": 0,
        "y": 0,
        "z": 0,
        "w": 1
      },
      "viewCenter": {
        "x": 0,
        "y": 0,
        "z": 0
      }
    },
    "78911f8a-d1bf-49d8-bfbb-2651d017a8b0": {
      "position": {
        "x": 5048.662485622886,
        "y": 2342.7983194249773,
        "z": 5000
      },
      "rotation": {
        "x": 0,
        "y": 0,
        "z": 0,
        "w": 1
      },
      "viewCenter": {
        "x": 0,
        "y": 0,
        "z": 0
      }
    },
    "b7d0975a-b160-40c1-825a-9a12700cbdda": {
      "position": {
        "x": 124.5778928529628,
        "y": 642.5758214628522,
        "z": 5000
      },
      "rotation": {
        "x": 0,
        "y": 0,
        "z": 0,
        "w": 1
      },
      "viewCenter": {
        "x": 0,
        "y": 0,
        "z": 0
      }
    },
    "3a9e107c-c444-4c5d-b0d8-4794d9bd6656": {
      "position": {
        "x": 123.33551243453849,
        "y": 674.0494587296179,
        "z": 5000
      },
      "rotation": {
        "x": 0,
        "y": 0,
        "z": 0,
        "w": 1
      },
      "viewCenter": {
        "x": 0,
        "y": 0,
        "z": 0
      }
    },
    "de512fff-2828-42d9-bf6f-9c6b43b9cfad": {
      "position": {
        "x": 807.7834484074679,
        "y": 393.1704132521798,
        "z": 5000
      },
      "rotation": {
        "x": 0,
        "y": 0,
        "z": 0,
        "w": 1
      },
      "viewCenter": {
        "x": 0,
        "y": 0,
        "z": 0
      }
    },
    "23cfb5e0-69fd-4c0f-9b64-f3416b6d0800": {
      "position": {
        "x": 484.3113358649862,
        "y": 688.7716375555506,
        "z": 5000
      },
      "rotation": {
        "x": 0,
        "y": 0,
        "z": 0,
        "w": 1
      },
      "viewCenter": {
        "x": 0,
        "y": 0,
        "z": 0
      }
    },
    "c56e61c6-b41b-4b36-867a-38114ea65b6a": {
      "position": {
        "x": 3962.991963984081,
        "y": 1173.2709830668755,
        "z": 5000
      },
      "rotation": {
        "x": 0,
        "y": 0,
        "z": 0,
        "w": 1
      },
      "viewCenter": {
        "x": 0,
        "y": 0,
        "z": 0
      }
    },
    "a0b55cec-cb20-4534-a133-f6a10246528c": {
      "position": {
        "x": 284.54350022880476,
        "y": 632.8562628313289,
        "z": 5000
      },
      "rotation": {
        "x": 0,
        "y": 0,
        "z": 0,
        "w": 1
      },
      "viewCenter": {
        "x": 0,
        "y": 0,
        "z": 0
      }
    },
    "915fa09a-9ec2-4bdc-bf1b-54885d65c5b0": {
      "position": {
        "x": 7033.148272335835,
        "y": 1242.7133396772551,
        "z": 5000
      },
      "rotation": {
        "x": 0,
        "y": 0,
        "z": 0,
        "w": 1
      },
      "viewCenter": {
        "x": 0,
        "y": 0,
        "z": 0
      }
    },
    "1e7811ae-7650-4822-a2d1-6cf298d5cdcc": {
      "position": {
        "x": 573.5514649548838,
        "y": 268.9292413331625,
        "z": 5000
      },
      "rotation": {
        "x": 0,
        "y": 0,
        "z": 0,
        "w": 1
      },
      "viewCenter": {
        "x": 0,
        "y": 0,
        "z": 0
      }
    },
    "1393484a-22f9-45da-bc10-b2256f4f0a72": {
      "position": {
        "x": 673.2453019652028,
        "y": 326.4449165314232,
        "z": 5000
      },
      "rotation": {
        "x": 0,
        "y": 0,
        "z": 0,
        "w": 1
      },
      "viewCenter": {
        "x": 0,
        "y": 0,
        "z": 0
      }
    },
    "5d117a05-2779-4bd5-ba61-965b4cdef9d7": {
      "position": {
        "x": 490.06293561056737,
        "y": 607.3915228236103,
        "z": 5000
      },
      "rotation": {
        "x": 0,
        "y": 0,
        "z": 0,
        "w": 1
      },
      "viewCenter": {
        "x": 0,
        "y": 0,
        "z": 0
      }
    },
    "169d4508-1e9d-4ea6-bc39-03502308beec": {
      "position": {
        "x": 573.5514649548838,
        "y": 268.9292413331625,
        "z": 5000
      },
      "rotation": {
        "x": 0,
        "y": 0,
        "z": 0,
        "w": 1
      },
      "viewCenter": {
        "x": 0,
        "y": 0,
        "z": 0
      }
    }
  },
  "camera-uuids": [
    "de512fff-2828-42d9-bf6f-9c6b43b9cfad"
  ]
}
