{
  "__type__": "cc.SpriteFrame",
  "content": {
    "name": "king room",
    "atlas": "",
    "rect": {
      "x": 0,
      "y": 19,
      "width": 900,
      "height": 678
    },
    "offset": {
      "x": 0,
      "y": -9.5
    },
    "originalSize": {
      "width": 900,
      "height": 697
    },
    "rotated": false,
    "capInsets": [
      0,
      0,
      0,
      0
    ],
    "vertices": {
      "rawPosition": [
        -450,
        -339,
        0,
        450,
        -339,
        0,
        -450,
        339,
        0,
        450,
        339,
        0
      ],
      "indexes": [
        0,
        1,
        2,
        2,
        1,
        3
      ],
      "uv": [
        0,
        678,
        900,
        678,
        0,
        0,
        900,
        0
      ],
      "nuv": [
        0,
        0,
        1,
        0,
        0,
        0.9727403156384505,
        1,
        0.9727403156384505
      ],
      "minPos": {
        "x": -450,
        "y": -339,
        "z": 0
      },
      "maxPos": {
        "x": 450,
        "y": 339,
        "z": 0
      }
    },
    "texture": "1b1308cd-520f-47d5-9c2e-cabbf881006a@6c48a",
    "packable": true,
    "pixelsToUnit": 100,
    "pivot": {
      "x": 0.5,
      "y": 0.5
    },
    "meshType": 0
  }
}