{
  "__type__": "cc.SpriteFrame",
  "content": {
    "name": "Chat",
    "atlas": "",
    "rect": {
      "x": 0,
      "y": 0,
      "width": 438,
      "height": 142
    },
    "offset": {
      "x": -19.5,
      "y": 0
    },
    "originalSize": {
      "width": 477,
      "height": 142
    },
    "rotated": false,
    "capInsets": [
      0,
      0,
      0,
      0
    ],
    "vertices": {
      "rawPosition": [
        -219,
        -71,
        0,
        219,
        -71,
        0,
        -219,
        71,
        0,
        219,
        71,
        0
      ],
      "indexes": [
        0,
        1,
        2,
        2,
        1,
        3
      ],
      "uv": [
        0,
        142,
        438,
        142,
        0,
        0,
        438,
        0
      ],
      "nuv": [
        0,
        0,
        0.9182389937106918,
        0,
        0,
        1,
        0.9182389937106918,
        1
      ],
      "minPos": {
        "x": -219,
        "y": -71,
        "z": 0
      },
      "maxPos": {
        "x": 219,
        "y": 71,
        "z": 0
      }
    },
    "texture": "f8a337df-9ad6-4b06-b7bc-3b5e62492f01@6c48a",
    "packable": true,
    "pixelsToUnit": 100,
    "pivot": {
      "x": 0.5,
      "y": 0.5
    },
    "meshType": 0
  }
}