{
  "__type__": "cc.SpriteFrame",
  "content": {
    "name": "share",
    "atlas": "",
    "rect": {
      "x": 0,
      "y": 0,
      "width": 185,
      "height": 185
    },
    "offset": {
      "x": 0,
      "y": 0.5
    },
    "originalSize": {
      "width": 185,
      "height": 186
    },
    "rotated": false,
    "capInsets": [
      0,
      0,
      0,
      0
    ],
    "vertices": {
      "rawPosition": [
        -92.5,
        -92.5,
        0,
        92.5,
        -92.5,
        0,
        -92.5,
        92.5,
        0,
        92.5,
        92.5,
        0
      ],
      "indexes": [
        0,
        1,
        2,
        2,
        1,
        3
      ],
      "uv": [
        0,
        186,
        185,
        186,
        0,
        1,
        185,
        1
      ],
      "nuv": [
        0,
        0.005376344086021506,
        1,
        0.005376344086021506,
        0,
        1,
        1,
        1
      ],
      "minPos": {
        "x": -92.5,
        "y": -92.5,
        "z": 0
      },
      "maxPos": {
        "x": 92.5,
        "y": 92.5,
        "z": 0
      }
    },
    "texture": "31a2c1ac-6722-4c57-ae56-ce5a9e5f85b7@6c48a",
    "packable": true,
    "pixelsToUnit": 100,
    "pivot": {
      "x": 0.5,
      "y": 0.5
    },
    "meshType": 0
  }
}