{
  "__type__": "cc.SpriteFrame",
  "content": {
    "name": "NGƯỜI CHƠI",
    "atlas": "",
    "rect": {
      "x": 0,
      "y": 0,
      "width": 613,
      "height": 97
    },
    "offset": {
      "x": 0,
      "y": 0.5
    },
    "originalSize": {
      "width": 613,
      "height": 98
    },
    "rotated": false,
    "capInsets": [
      0,
      0,
      0,
      0
    ],
    "vertices": {
      "rawPosition": [
        -306.5,
        -48.5,
        0,
        306.5,
        -48.5,
        0,
        -306.5,
        48.5,
        0,
        306.5,
        48.5,
        0
      ],
      "indexes": [
        0,
        1,
        2,
        2,
        1,
        3
      ],
      "uv": [
        0,
        98,
        613,
        98,
        0,
        1,
        613,
        1
      ],
      "nuv": [
        0,
        0.01020408163265306,
        1,
        0.01020408163265306,
        0,
        1,
        1,
        1
      ],
      "minPos": {
        "x": -306.5,
        "y": -48.5,
        "z": 0
      },
      "maxPos": {
        "x": 306.5,
        "y": 48.5,
        "z": 0
      }
    },
    "texture": "92e08c03-f044-4c49-826c-77eae30db1ed@6c48a",
    "packable": true,
    "pixelsToUnit": 100,
    "pivot": {
      "x": 0.5,
      "y": 0.5
    },
    "meshType": 0
  }
}