{
  "__type__": "cc.SpriteFrame",
  "content": {
    "name": "Thứ Năm",
    "atlas": "",
    "rect": {
      "x": 0,
      "y": 0,
      "width": 1030,
      "height": 244
    },
    "offset": {
      "x": -0.5,
      "y": 0
    },
    "originalSize": {
      "width": 1031,
      "height": 244
    },
    "rotated": false,
    "capInsets": [
      0,
      0,
      0,
      0
    ],
    "vertices": {
      "rawPosition": [
        -515,
        -122,
        0,
        515,
        -122,
        0,
        -515,
        122,
        0,
        515,
        122,
        0
      ],
      "indexes": [
        0,
        1,
        2,
        2,
        1,
        3
      ],
      "uv": [
        0,
        244,
        1030,
        244,
        0,
        0,
        1030,
        0
      ],
      "nuv": [
        0,
        0,
        0.9990300678952473,
        0,
        0,
        1,
        0.9990300678952473,
        1
      ],
      "minPos": {
        "x": -515,
        "y": -122,
        "z": 0
      },
      "maxPos": {
        "x": 515,
        "y": 122,
        "z": 0
      }
    },
    "texture": "13f9403c-147a-4feb-bd86-5cbecd5aca70@6c48a",
    "packable": true,
    "pixelsToUnit": 100,
    "pivot": {
      "x": 0.5,
      "y": 0.5
    },
    "meshType": 0
  }
}