{
  "__type__": "cc.SpriteFrame",
  "content": {
    "name": "Group 427318909",
    "atlas": "",
    "rect": {
      "x": 12,
      "y": 19,
      "width": 836,
      "height": 164
    },
    "offset": {
      "x": 6,
      "y": -9.5
    },
    "originalSize": {
      "width": 848,
      "height": 183
    },
    "rotated": false,
    "capInsets": [
      0,
      0,
      0,
      0
    ],
    "vertices": {
      "rawPosition": [
        -418,
        -82,
        0,
        418,
        -82,
        0,
        -418,
        82,
        0,
        418,
        82,
        0
      ],
      "indexes": [
        0,
        1,
        2,
        2,
        1,
        3
      ],
      "uv": [
        12,
        164,
        848,
        164,
        12,
        0,
        848,
        0
      ],
      "nuv": [
        0.014150943396226415,
        0,
        1,
        0,
        0.014150943396226415,
        0.8961748633879781,
        1,
        0.8961748633879781
      ],
      "minPos": {
        "x": -418,
        "y": -82,
        "z": 0
      },
      "maxPos": {
        "x": 418,
        "y": 82,
        "z": 0
      }
    },
    "texture": "5c3667a0-bef1-444b-867b-92063446cd73@6c48a",
    "packable": true,
    "pixelsToUnit": 100,
    "pivot": {
      "x": 0.5,
      "y": 0.5
    },
    "meshType": 0
  }
}